id,participant_id,timestamp,pagetime,item,action,message,combined,combined_num
2251,109,2017-08-20 19:21:27,0,play_pause_button,play,,play_pause_button play,9
2258,109,2017-08-20 19:26:34,0,full_screen_button,fullscreen,,full_screen_button fullscreen,27
3218,407,2017-08-22 22:00:41,0,play_pause_button,play,,play_pause_button play,9
3219,407,2017-08-22 22:01:46,0,play_pause_button,play,,play_pause_button play,9
3220,407,2017-08-23 08:06:17,0,play_pause_button,play,,play_pause_button play,9
3290,109,2017-08-23 17:52:23,0,play_pause_button,play,,play_pause_button play,9
3292,109,2017-08-23 17:56:00,0,play_pause_button,play,,play_pause_button play,9
3305,109,2017-08-23 18:00:09,0,play_pause_button,pause,,play_pause_button pause,16
3306,109,2017-08-23 18:00:36,0,full_screen_button,fullscreen,,full_screen_button fullscreen,27
3307,109,2017-08-23 18:00:38,0,full_screen_button,collapsed,,full_screen_button collapsed,19
3311,109,2017-08-23 18:02:14,0,play_pause_button,play,,play_pause_button play,9
3312,109,2017-08-23 18:02:31,0,full_screen_button,fullscreen,,full_screen_button fullscreen,27
3313,109,2017-08-23 18:03:04,0,full_screen_button,collapsed,,full_screen_button collapsed,19
3317,109,2017-08-23 18:04:57,0,select_recipe,choc_pots,,select_recipe choc_pots,4
3318,109,2017-08-23 18:05:12,0,experience_level,not_really,,experience_level not_really,25
3319,109,2017-08-23 18:05:17,0,cook_reason,learn,,cook_reason learn,24
3320,109,2017-08-23 18:05:22,0,cooking_for,2,,cooking_for 2,21
3322,109,2017-08-23 18:05:45,0,not_quite_button,click,,not_quite_button click,10
3324,109,2017-08-23 18:05:59,0,experience_level,not_really,,experience_level not_really,25
3325,109,2017-08-23 18:06:01,0,cook_reason,learn,,cook_reason learn,24
3326,109,2017-08-23 18:06:04,0,cooking_for,2,,cooking_for 2,21
3327,109,2017-08-23 18:06:08,0,confirm_cook,click,,confirm_cook click,26
3330,109,2017-08-23 18:06:43,0,next_button,click,,next_button click,14
3332,109,2017-08-23 18:06:46,0,back_button,rewind,,back_button rewind,15
3334,109,2017-08-23 18:06:47,0,back_button,rewind,,back_button rewind,15
3335,109,2017-08-23 18:06:56,0,back_button,rewind,,back_button rewind,15
3336,109,2017-08-23 18:06:57,0,back_button,rewind,,back_button rewind,15
3337,109,2017-08-23 18:07:05,0,back_button,rewind,,back_button rewind,15
3338,109,2017-08-23 18:07:13,0,play_pause_button,pause,,play_pause_button pause,16
3339,109,2017-08-23 18:07:18,0,cardView,toggle,,cardView toggle,11
3340,109,2017-08-23 18:07:25,0,cardView,toggle,,cardView toggle,11
3341,109,2017-08-23 18:07:27,0,cardView,toggle,,cardView toggle,11
3342,109,2017-08-23 18:07:28,0,cardView,toggle,,cardView toggle,11
3343,109,2017-08-23 18:07:32,0,back_button,rewind,,back_button rewind,15
3345,109,2017-08-23 18:07:33,0,back_button,rewind,,back_button rewind,15
3347,109,2017-08-23 18:07:42,0,full_screen_button,fullscreen,,full_screen_button fullscreen,27
3348,109,2017-08-23 18:07:47,0,back_button,rewind,,back_button rewind,15
3350,109,2017-08-23 18:07:55,0,back_button,rewind,,back_button rewind,15
3351,109,2017-08-23 18:08:37,0,play_pause_button,play,,play_pause_button play,9
3352,109,2017-08-23 18:08:41,0,full_screen_button,fullscreen,,full_screen_button fullscreen,27
3353,109,2017-08-23 18:08:56,0,select_recipe,choc_pots,,select_recipe choc_pots,4
3356,109,2017-08-23 18:09:00,0,experience_level,not_really,,experience_level not_really,25
3358,109,2017-08-23 18:09:04,0,cook_reason,learn,,cook_reason learn,24
3359,109,2017-08-23 18:09:09,0,cooking_for,2,,cooking_for 2,21
3360,109,2017-08-23 18:09:11,0,confirm_cook,click,,confirm_cook click,26
3364,109,2017-08-23 18:10:04,0,play_pause_button,play,,play_pause_button play,9
3365,109,2017-08-23 18:10:10,0,play_pause_button,pause,,play_pause_button pause,16
3367,205,2017-08-23 18:10:20,0,play_pause_button,play,,play_pause_button play,9
3368,109,2017-08-23 18:10:20,0,play_pause_button,pause,,play_pause_button pause,16
3369,109,2017-08-23 18:10:37,0,cardView,toggle,,cardView toggle,11
3370,109,2017-08-23 18:10:47,0,cardView,toggle,,cardView toggle,11
3371,109,2017-08-23 18:10:52,0,play_pause_button,play,,play_pause_button play,9
3380,109,2017-08-23 18:12:45,0,play_pause_button,pause,,play_pause_button pause,16
3381,205,2017-08-23 18:12:50,0,play_pause_button,play,,play_pause_button play,9
3382,109,2017-08-23 18:12:52,0,cardView,toggle,,cardView toggle,11
3383,109,2017-08-23 18:12:57,0,next_button,click,,next_button click,14
3384,205,2017-08-23 18:13:08,0,full_screen_button,fullscreen,,full_screen_button fullscreen,27
3385,205,2017-08-23 18:13:11,0,play_pause_button,pause,,play_pause_button pause,16
3386,205,2017-08-23 18:13:11,0,play_pause_button,play,,play_pause_button play,9
3387,205,2017-08-23 18:13:18,0,select_recipe,mullet,,select_recipe mullet,13
3388,205,2017-08-23 18:13:29,0,experience_level,lots,,experience_level lots,20
3389,205,2017-08-23 18:13:32,0,cook_reason,dinner,,cook_reason dinner,28
3390,205,2017-08-23 18:13:34,0,cooking_for,2,,cooking_for 2,21
3394,109,2017-08-23 18:14:58,0,cardView,toggle,,cardView toggle,11
3396,109,2017-08-23 18:15:03,0,cardView,toggle,,cardView toggle,11
3397,205,2017-08-23 18:15:35,0,confirm_cook,click,,confirm_cook click,26
3398,205,2017-08-23 18:16:09,0,next_button,click,,next_button click,14
3399,205,2017-08-23 18:16:11,0,back_button,rewind,,back_button rewind,15
3400,205,2017-08-23 18:16:15,0,cardView,toggle,,cardView toggle,11
3402,205,2017-08-23 18:16:24,0,cardView,toggle,,cardView toggle,11
3403,205,2017-08-23 18:16:25,0,next_button,click,,next_button click,14
3404,205,2017-08-23 18:16:29,0,cardView,toggle,,cardView toggle,11
3405,205,2017-08-23 18:16:32,0,next_button,click,,next_button click,14
3406,205,2017-08-23 18:16:55,0,back_button,rewind,,back_button rewind,15
3407,205,2017-08-23 18:16:56,0,back_button,rewind,,back_button rewind,15
3408,205,2017-08-23 18:16:57,0,next_button,click,,next_button click,14
3409,205,2017-08-23 18:16:57,0,next_button,click,,next_button click,14
3410,109,2017-08-23 18:17:01,0,next_button,click,,next_button click,14
3411,109,2017-08-23 18:17:18,0,cardView,toggle,,cardView toggle,11
3412,109,2017-08-23 18:17:19,0,cardView,toggle,,cardView toggle,11
3413,109,2017-08-23 18:17:23,0,cardView,toggle,,cardView toggle,11
3414,109,2017-08-23 18:17:25,0,cardView,toggle,,cardView toggle,11
3417,205,2017-08-23 18:17:50,0,next_button,click,,next_button click,14
3418,205,2017-08-23 18:17:57,0,next_button,click,,next_button click,14
3419,205,2017-08-23 18:17:59,0,next_button,click,,next_button click,14
3425,109,2017-08-23 18:18:27,0,back_button,rewind,,back_button rewind,15
3426,109,2017-08-23 18:18:29,0,next_button,click,,next_button click,14
3429,109,2017-08-23 18:18:32,0,full_screen_button,collapsed,,full_screen_button collapsed,19
3431,205,2017-08-23 18:18:38,0,back_button,rewind,,back_button rewind,15
3432,205,2017-08-23 18:18:39,0,back_button,rewind,,back_button rewind,15
3433,109,2017-08-23 18:19:02,0,back_button,rewind,,back_button rewind,15
3434,109,2017-08-23 18:19:06,0,next_button,click,,next_button click,14
3439,109,2017-08-23 18:21:10,0,next_button,click,,next_button click,14
3450,109,2017-08-23 18:25:49,0,next_button,click,,next_button click,14
3451,109,2017-08-23 18:27:05,0,next_button,click,,next_button click,14
3452,205,2017-08-23 18:28:23,0,cardView,toggle,,cardView toggle,11
3453,205,2017-08-23 18:28:25,0,cardView,toggle,,cardView toggle,11
3454,205,2017-08-23 18:28:27,0,next_button,click,,next_button click,14
3456,109,2017-08-23 18:29:10,0,next_button,click,,next_button click,14
3460,205,2017-08-23 18:33:45,0,next_button,click,,next_button click,14
3461,205,2017-08-23 18:33:53,0,next_button,click,,next_button click,14
3462,205,2017-08-23 18:33:55,0,next_button,click,,next_button click,14
3463,205,2017-08-23 18:33:57,0,back_button,rewind,,back_button rewind,15
3464,205,2017-08-23 18:33:58,0,back_button,rewind,,back_button rewind,15
3465,109,2017-08-23 18:34:05,0,next_button,click,,next_button click,14
3466,205,2017-08-23 18:35:24,0,next_button,click,,next_button click,14
3467,205,2017-08-23 18:35:29,0,back_button,rewind,,back_button rewind,15
3468,205,2017-08-23 18:36:03,0,next_button,click,,next_button click,14
3469,205,2017-08-23 18:36:28,0,next_button,click,,next_button click,14
3472,205,2017-08-23 18:37:33,0,next_button,click,,next_button click,14
3473,205,2017-08-23 18:38:09,0,cardView,toggle,,cardView toggle,11
3474,205,2017-08-23 18:38:12,0,cardView,toggle,,cardView toggle,11
3475,205,2017-08-23 18:38:13,0,next_button,click,,next_button click,14
3476,205,2017-08-23 18:38:23,0,next_button,click,,next_button click,14
3478,205,2017-08-23 18:39:36,0,next_button,click,,next_button click,14
3480,109,2017-08-23 18:40:15,0,next_button,click,,next_button click,14
3488,205,2017-08-23 18:43:22,0,next_button,click,,next_button click,14
3489,109,2017-08-23 18:43:27,0,next_button,click,,next_button click,14
3491,205,2017-08-23 18:44:26,0,back_button,rewind,,back_button rewind,15
3492,205,2017-08-23 18:44:28,0,back_button,rewind,,back_button rewind,15
3493,205,2017-08-23 18:44:29,0,next_button,click,,next_button click,14
3494,205,2017-08-23 18:44:29,0,next_button,click,,next_button click,14
3498,109,2017-08-23 18:45:43,0,next_button,click,,next_button click,14
3500,109,2017-08-23 18:46:36,0,back_button,rewind,,back_button rewind,15
3501,109,2017-08-23 18:46:37,0,back_button,rewind,,back_button rewind,15
3502,109,2017-08-23 18:46:41,0,next_button,click,,next_button click,14
3503,109,2017-08-23 18:46:43,0,next_button,click,,next_button click,14
3504,109,2017-08-23 18:46:44,0,next_button,click,,next_button click,14
3505,109,2017-08-23 18:47:07,0,next_button,click,,next_button click,14
3506,109,2017-08-23 18:47:20,0,next_button,click,,next_button click,14
3508,205,2017-08-23 18:48:21,0,next_button,click,,next_button click,14
3510,205,2017-08-23 18:49:26,0,next_button,click,,next_button click,14
3511,205,2017-08-23 18:49:29,0,back_button,rewind,,back_button rewind,15
3512,205,2017-08-23 18:49:29,0,back_button,rewind,,back_button rewind,15
3513,205,2017-08-23 18:49:30,0,back_button,rewind,,back_button rewind,15
3514,205,2017-08-23 18:49:30,0,back_button,rewind,,back_button rewind,15
3515,205,2017-08-23 18:49:32,0,next_button,click,,next_button click,14
3516,205,2017-08-23 18:49:32,0,next_button,click,,next_button click,14
3517,205,2017-08-23 18:49:32,0,next_button,click,,next_button click,14
3518,205,2017-08-23 18:49:32,0,next_button,click,,next_button click,14
3520,205,2017-08-23 18:51:20,0,next_button,click,,next_button click,14
3521,109,2017-08-23 18:51:23,0,next_button,click,,next_button click,14
3524,205,2017-08-23 18:52:36,0,next_button,click,,next_button click,14
3526,205,2017-08-23 18:56:19,0,next_button,click,,next_button click,14
3528,205,2017-08-23 18:57:14,0,next_button,click,,next_button click,14
3530,205,2017-08-23 18:57:19,0,next_button,click,,next_button click,14
3982,121,2017-08-25 16:08:16,0,full_screen_button,fullscreen,,full_screen_button fullscreen,27
3983,121,2017-08-25 16:08:33,0,play_pause_button,play,,play_pause_button play,9
3984,121,2017-08-25 16:09:23,0,play_pause_button,pause,,play_pause_button pause,16
3985,121,2017-08-25 16:09:24,0,play_pause_button,play,,play_pause_button play,9
3986,121,2017-08-25 16:09:43,0,full_screen_button,collapsed,,full_screen_button collapsed,19
3987,121,2017-08-25 16:09:50,0,select_recipe,choc_pots,,select_recipe choc_pots,4
3988,121,2017-08-25 16:09:56,0,experience_level,not_really,,experience_level not_really,25
3989,121,2017-08-25 16:10:02,0,cook_reason,learn,,cook_reason learn,24
3990,121,2017-08-25 16:10:07,0,cooking_for,4,,cooking_for 4,22
3991,121,2017-08-25 16:11:30,0,not_quite_button,click,,not_quite_button click,10
3992,121,2017-08-25 16:17:21,0,experience_level,lots,,experience_level lots,20
3993,121,2017-08-25 16:17:23,0,cook_reason,learn,,cook_reason learn,24
3994,121,2017-08-25 16:17:27,0,cooking_for,2,,cooking_for 2,21
3995,121,2017-08-25 16:17:38,0,play_pause_button,play,,play_pause_button play,9
3996,121,2017-08-25 16:17:40,0,select_recipe,choc_pots,,select_recipe choc_pots,4
3997,121,2017-08-25 16:17:43,0,experience_level,lots,,experience_level lots,20
3998,121,2017-08-25 16:17:45,0,cook_reason,learn,,cook_reason learn,24
3999,121,2017-08-25 16:17:47,0,cooking_for,4,,cooking_for 4,22
4000,121,2017-08-25 16:17:49,0,confirm_cook,click,,confirm_cook click,26
4001,121,2017-08-25 16:18:02,0,cardView,toggle,,cardView toggle,11
4002,121,2017-08-25 16:18:17,0,next_button,click,,next_button click,14
4003,121,2017-08-25 16:20:24,0,next_button,click,,next_button click,14
4004,121,2017-08-25 16:21:07,0,next_button,click,,next_button click,14
4005,121,2017-08-25 16:21:13,0,back_button,rewind,,back_button rewind,15
4006,121,2017-08-25 16:24:50,0,next_button,click,,next_button click,14
4007,121,2017-08-25 16:24:56,0,next_button,click,,next_button click,14
4008,121,2017-08-25 16:25:00,0,next_button,click,,next_button click,14
4009,121,2017-08-25 16:28:19,0,next_button,click,,next_button click,14
4010,121,2017-08-25 16:29:30,0,next_button,click,,next_button click,14
4011,121,2017-08-25 16:31:17,0,next_button,click,,next_button click,14
4014,121,2017-08-25 16:33:08,0,next_button,click,,next_button click,14
4016,121,2017-08-25 16:33:24,0,back_button,rewind,,back_button rewind,15
4018,121,2017-08-25 16:33:36,0,next_button,click,,next_button click,14
4019,121,2017-08-25 16:33:37,0,next_button,click,,next_button click,14
4020,121,2017-08-25 16:33:40,0,next_button,click,,next_button click,14
4021,121,2017-08-25 16:33:42,0,next_button,click,,next_button click,14
4022,121,2017-08-25 16:33:43,0,next_button,click,,next_button click,14
4023,121,2017-08-25 16:33:45,0,back_button,rewind,,back_button rewind,15
4024,121,2017-08-25 16:33:45,0,back_button,rewind,,back_button rewind,15
4025,121,2017-08-25 16:33:46,0,back_button,rewind,,back_button rewind,15
4026,121,2017-08-25 16:34:33,0,back_button,rewind,,back_button rewind,15
4027,121,2017-08-25 16:34:34,0,back_button,rewind,,back_button rewind,15
4028,121,2017-08-25 16:34:35,0,back_button,rewind,,back_button rewind,15
4029,121,2017-08-25 16:34:36,0,back_button,rewind,,back_button rewind,15
4030,121,2017-08-25 16:34:37,0,back_button,rewind,,back_button rewind,15
4031,121,2017-08-25 16:34:38,0,back_button,rewind,,back_button rewind,15
4032,121,2017-08-25 16:34:39,0,next_button,click,,next_button click,14
4033,121,2017-08-25 16:34:40,0,next_button,click,,next_button click,14
4034,121,2017-08-25 16:34:40,0,next_button,click,,next_button click,14
4035,121,2017-08-25 16:34:40,0,next_button,click,,next_button click,14
4036,121,2017-08-25 16:34:41,0,next_button,click,,next_button click,14
4037,121,2017-08-25 16:34:43,0,next_button,click,,next_button click,14
4038,121,2017-08-25 16:34:44,0,next_button,click,,next_button click,14
4039,121,2017-08-25 16:34:45,0,next_button,click,,next_button click,14
4040,121,2017-08-25 16:34:49,0,back_button,rewind,,back_button rewind,15
4041,121,2017-08-25 16:35:04,0,back_button,rewind,,back_button rewind,15
4042,121,2017-08-25 16:49:58,0,next_button,click,,next_button click,14
4043,121,2017-08-25 16:49:58,0,next_button,click,,next_button click,14
4044,121,2017-08-25 16:49:58,0,next_button,click,,next_button click,14
4045,121,2017-08-25 16:50:00,0,next_button,click,,next_button click,14
4046,121,2017-08-25 16:50:02,0,next_button,click,,next_button click,14
4047,121,2017-08-25 16:50:06,0,next_button,click,,next_button click,14
4048,121,2017-08-25 16:51:27,0,full_screen_button,fullscreen,,full_screen_button fullscreen,27
4049,121,2017-08-25 16:51:28,0,full_screen_button,collapsed,,full_screen_button collapsed,19
4349,112,2017-08-25 18:06:24,0,play_pause_button,play,,play_pause_button play,9
4350,112,2017-08-25 18:06:42,0,full_screen_button,fullscreen,,full_screen_button fullscreen,27
4352,112,2017-08-25 18:07:20,0,play_pause_button,pause,,play_pause_button pause,16
4353,112,2017-08-25 18:07:22,0,full_screen_button,collapsed,,full_screen_button collapsed,19
4393,112,2017-08-25 18:11:46,0,play_pause_button,play,,play_pause_button play,9
4395,112,2017-08-25 18:11:47,0,play_pause_button,pause,,play_pause_button pause,16
4396,112,2017-08-25 18:11:58,0,play_pause_button,play,,play_pause_button play,9
4397,112,2017-08-25 18:12:00,0,full_screen_button,fullscreen,,full_screen_button fullscreen,27
4404,112,2017-08-25 18:12:37,0,full_screen_button,fullscreen,,full_screen_button fullscreen,27
4405,112,2017-08-25 18:12:40,0,play_pause_button,play,,play_pause_button play,9
4407,112,2017-08-25 18:13:35,0,select_recipe,choc_pots,,select_recipe choc_pots,4
4409,112,2017-08-25 18:14:03,0,play_pause_button,play,,play_pause_button play,9
4411,112,2017-08-25 18:14:16,0,select_recipe,choc_pots,,select_recipe choc_pots,4
4412,112,2017-08-25 18:14:22,0,experience_level,not_really,,experience_level not_really,25
4413,112,2017-08-25 18:14:33,0,full_screen_button,fullscreen,,full_screen_button fullscreen,27
4414,112,2017-08-25 18:14:36,0,cook_reason,dinner,,cook_reason dinner,28
4415,112,2017-08-25 18:14:40,0,cooking_for,2,,cooking_for 2,21
4417,112,2017-08-25 18:15:53,0,not_quite_button,click,,not_quite_button click,10
4418,112,2017-08-25 18:15:55,0,select_recipe,deselect,,select_recipe deselect,6
4420,112,2017-08-25 18:15:58,0,select_recipe,choc_pots,,select_recipe choc_pots,4
4421,112,2017-08-25 18:16:02,0,experience_level,not_really,,experience_level not_really,25
4422,112,2017-08-25 18:16:05,0,cook_reason,dinner,,cook_reason dinner,28
4423,112,2017-08-25 18:16:07,0,cooking_for,2,,cooking_for 2,21
4424,112,2017-08-25 18:16:13,0,confirm_cook,click,,confirm_cook click,26
4425,112,2017-08-25 18:16:21,0,cardView,toggle,,cardView toggle,11
4427,112,2017-08-25 18:17:22,0,next_button,click,,next_button click,14
4428,112,2017-08-25 18:17:50,0,next_button,click,,next_button click,14
4429,112,2017-08-25 18:17:55,0,back_button,rewind,,back_button rewind,15
4434,112,2017-08-25 18:20:29,0,next_button,click,,next_button click,14
4437,112,2017-08-25 18:24:23,0,back_button,rewind,,back_button rewind,15
4438,112,2017-08-25 18:24:24,0,back_button,rewind,,back_button rewind,15
4439,112,2017-08-25 18:24:25,0,back_button,rewind,,back_button rewind,15
4440,112,2017-08-25 18:24:27,0,back_button,rewind,,back_button rewind,15
4441,112,2017-08-25 18:24:28,0,back_button,rewind,,back_button rewind,15
4442,112,2017-08-25 18:24:34,0,back_button,rewind,,back_button rewind,15
4443,112,2017-08-25 18:24:38,0,next_button,click,,next_button click,14
4444,112,2017-08-25 18:24:40,0,next_button,click,,next_button click,14
4445,112,2017-08-25 18:26:12,0,next_button,click,,next_button click,14
4446,112,2017-08-25 18:31:40,0,next_button,click,,next_button click,14
4447,112,2017-08-25 18:32:43,0,next_button,click,,next_button click,14
4448,112,2017-08-25 18:32:44,0,next_button,click,,next_button click,14
4449,112,2017-08-25 18:32:54,0,back_button,rewind,,back_button rewind,15
4450,112,2017-08-25 18:32:57,0,next_button,click,,next_button click,14
4451,112,2017-08-25 18:32:58,0,next_button,click,,next_button click,14
4452,112,2017-08-25 18:33:02,0,next_button,click,,next_button click,14
4453,112,2017-08-25 18:33:05,0,next_button,click,,next_button click,14
4454,112,2017-08-25 18:33:07,0,next_button,click,,next_button click,14
4455,112,2017-08-25 18:33:10,0,next_button,click,,next_button click,14
4456,112,2017-08-25 18:33:14,0,next_button,click,,next_button click,14
4457,112,2017-08-25 18:33:16,0,back_button,rewind,,back_button rewind,15
4458,112,2017-08-25 18:33:19,0,back_button,rewind,,back_button rewind,15
4459,112,2017-08-25 18:33:23,0,back_button,rewind,,back_button rewind,15
4460,112,2017-08-25 18:33:25,0,back_button,rewind,,back_button rewind,15
4461,112,2017-08-25 18:33:32,0,back_button,rewind,,back_button rewind,15
4462,112,2017-08-25 18:33:33,0,back_button,rewind,,back_button rewind,15
4463,112,2017-08-25 18:33:38,0,back_button,rewind,,back_button rewind,15
4464,112,2017-08-25 18:33:43,0,back_button,rewind,,back_button rewind,15
4465,112,2017-08-25 18:35:34,0,next_button,click,,next_button click,14
4466,112,2017-08-25 18:38:38,0,next_button,click,,next_button click,14
4467,112,2017-08-25 18:40:11,0,next_button,click,,next_button click,14
4468,112,2017-08-25 18:42:51,0,next_button,click,,next_button click,14
4469,112,2017-08-25 18:42:58,0,next_button,click,,next_button click,14
4470,112,2017-08-25 18:43:07,0,back_button,rewind,,back_button rewind,15
4471,112,2017-08-25 18:44:02,0,next_button,click,,next_button click,14
4472,112,2017-08-25 18:44:14,0,next_button,click,,next_button click,14
4473,112,2017-08-25 18:44:19,0,next_button,click,,next_button click,14
4474,112,2017-08-25 18:44:24,0,back_button,rewind,,back_button rewind,15
4475,112,2017-08-25 18:44:25,0,back_button,rewind,,back_button rewind,15
4476,112,2017-08-25 18:46:53,0,next_button,click,,next_button click,14
4477,112,2017-08-25 18:47:15,0,next_button,click,,next_button click,14
4478,112,2017-08-25 18:47:41,0,next_button,click,,next_button click,14
4479,112,2017-08-25 18:47:46,0,next_button,click,,next_button click,14
4480,112,2017-08-25 18:47:51,0,back_button,rewind,,back_button rewind,15
4481,112,2017-08-25 18:47:53,0,back_button,rewind,,back_button rewind,15
4482,112,2017-08-25 18:47:57,0,next_button,click,,next_button click,14
4483,112,2017-08-25 18:52:50,0,next_button,click,,next_button click,14
4484,112,2017-08-25 18:52:55,0,next_button,click,,next_button click,14
4485,112,2017-08-25 18:53:06,0,next_button,click,,next_button click,14
4486,112,2017-08-25 18:53:18,0,back_button,rewind,,back_button rewind,15
4489,112,2017-08-25 19:00:10,0,cardView,toggle,,cardView toggle,11
4490,112,2017-08-25 19:00:15,0,cardView,toggle,,cardView toggle,11
4492,112,2017-08-25 19:08:21,0,next_button,click,,next_button click,14
4493,112,2017-08-25 19:08:26,0,next_button,click,,next_button click,14
4581,220,2017-08-25 21:14:47,0,play_pause_button,play,,play_pause_button play,9
4582,220,2017-08-25 21:20:43,0,full_screen_button,fullscreen,,full_screen_button fullscreen,27
4583,220,2017-08-25 21:20:46,0,play_pause_button,pause,,play_pause_button pause,16
4584,220,2017-08-25 21:20:48,0,play_pause_button,play,,play_pause_button play,9
4585,220,2017-08-25 21:21:17,0,play_pause_button,play,,play_pause_button play,9
4586,220,2017-08-25 21:21:43,0,select_recipe,mullet,,select_recipe mullet,13
4587,220,2017-08-25 21:21:43,0,select_recipe,deselect,,select_recipe deselect,6
4588,220,2017-08-25 21:21:49,0,select_recipe,mullet,,select_recipe mullet,13
4589,220,2017-08-25 21:22:01,0,experience_level,not_really,,experience_level not_really,25
4590,220,2017-08-25 21:22:09,0,cook_reason,learn,,cook_reason learn,24
4591,220,2017-08-25 21:22:13,0,cooking_for,1,,cooking_for 1,23
4592,220,2017-08-25 21:23:06,0,not_quite_button,click,,not_quite_button click,10
4593,220,2017-08-25 21:23:14,0,experience_level,not_really,,experience_level not_really,25
4594,220,2017-08-25 21:23:18,0,cook_reason,learn,,cook_reason learn,24
4595,220,2017-08-25 21:23:22,0,cooking_for,1,,cooking_for 1,23
4596,220,2017-08-25 21:23:25,0,confirm_cook,click,,confirm_cook click,26
4597,220,2017-08-25 21:24:38,0,cardView,toggle,,cardView toggle,11
4598,220,2017-08-25 21:24:46,0,next_button,click,,next_button click,14
4599,220,2017-08-25 21:24:59,0,cardView,toggle,,cardView toggle,11
4600,220,2017-08-25 21:25:10,0,cardView,toggle,,cardView toggle,11
4601,220,2017-08-25 21:25:11,0,next_button,click,,next_button click,14
4602,220,2017-08-25 21:25:15,0,next_button,click,,next_button click,14
4603,220,2017-08-25 21:26:10,0,next_button,click,,next_button click,14
4604,220,2017-08-25 21:26:31,0,back_button,rewind,,back_button rewind,15
4605,220,2017-08-25 21:26:33,0,back_button,rewind,,back_button rewind,15
4606,220,2017-08-25 21:26:35,0,back_button,rewind,,back_button rewind,15
4607,220,2017-08-25 21:26:36,0,back_button,rewind,,back_button rewind,15
4608,220,2017-08-25 21:26:40,0,next_button,click,,next_button click,14
4609,220,2017-08-25 21:26:43,0,back_button,rewind,,back_button rewind,15
4610,220,2017-08-25 21:26:44,0,back_button,rewind,,back_button rewind,15
4611,220,2017-08-25 21:26:51,0,back_button,rewind,,back_button rewind,15
4612,220,2017-08-25 21:26:53,0,back_button,rewind,,back_button rewind,15
4613,220,2017-08-25 21:26:54,0,back_button,rewind,,back_button rewind,15
4614,220,2017-08-25 21:26:54,0,back_button,rewind,,back_button rewind,15
4615,220,2017-08-25 21:26:54,0,back_button,rewind,,back_button rewind,15
4616,220,2017-08-25 21:26:54,0,back_button,rewind,,back_button rewind,15
4617,220,2017-08-25 21:27:00,0,next_button,click,,next_button click,14
4618,220,2017-08-25 21:27:12,0,next_button,click,,next_button click,14
4619,220,2017-08-25 21:27:28,0,next_button,click,,next_button click,14
4620,220,2017-08-25 21:27:41,0,next_button,click,,next_button click,14
4621,220,2017-08-25 21:27:46,0,back_button,rewind,,back_button rewind,15
4622,220,2017-08-25 21:27:46,0,back_button,rewind,,back_button rewind,15
4623,220,2017-08-25 21:27:47,0,back_button,rewind,,back_button rewind,15
4624,220,2017-08-25 21:27:47,0,back_button,rewind,,back_button rewind,15
4625,220,2017-08-25 21:27:49,0,back_button,rewind,,back_button rewind,15
4626,220,2017-08-25 21:27:52,0,back_button,rewind,,back_button rewind,15
4627,220,2017-08-25 21:27:53,0,back_button,rewind,,back_button rewind,15
4628,220,2017-08-25 21:27:53,0,back_button,rewind,,back_button rewind,15
4629,220,2017-08-25 21:27:53,0,back_button,rewind,,back_button rewind,15
4630,220,2017-08-25 21:27:54,0,back_button,rewind,,back_button rewind,15
4631,220,2017-08-25 21:27:54,0,back_button,rewind,,back_button rewind,15
4632,220,2017-08-25 21:27:54,0,back_button,rewind,,back_button rewind,15
4633,220,2017-08-25 21:27:54,0,back_button,rewind,,back_button rewind,15
4634,220,2017-08-25 21:27:55,0,back_button,rewind,,back_button rewind,15
4635,220,2017-08-25 21:27:55,0,back_button,rewind,,back_button rewind,15
4636,220,2017-08-25 21:27:55,0,back_button,rewind,,back_button rewind,15
4637,220,2017-08-25 21:27:55,0,back_button,rewind,,back_button rewind,15
4638,220,2017-08-25 21:27:55,0,back_button,rewind,,back_button rewind,15
4639,220,2017-08-25 21:27:56,0,back_button,rewind,,back_button rewind,15
4640,220,2017-08-25 21:28:03,0,cardView,toggle,,cardView toggle,11
4641,220,2017-08-25 21:28:09,0,back_button,rewind,,back_button rewind,15
4642,220,2017-08-25 21:28:11,0,back_button,rewind,,back_button rewind,15
4643,220,2017-08-25 21:28:11,0,back_button,rewind,,back_button rewind,15
4644,220,2017-08-25 21:28:12,0,back_button,rewind,,back_button rewind,15
4645,220,2017-08-25 21:28:19,0,cardView,toggle,,cardView toggle,11
4646,220,2017-08-25 21:28:21,0,next_button,click,,next_button click,14
4647,220,2017-08-25 21:28:30,0,next_button,click,,next_button click,14
4648,220,2017-08-25 21:28:40,0,next_button,click,,next_button click,14
4649,220,2017-08-25 21:29:00,0,next_button,click,,next_button click,14
4650,220,2017-08-25 21:29:21,0,next_button,click,,next_button click,14
4651,220,2017-08-25 21:29:24,0,back_button,rewind,,back_button rewind,15
4652,220,2017-08-25 21:29:25,0,back_button,rewind,,back_button rewind,15
4653,220,2017-08-25 21:29:30,0,back_button,rewind,,back_button rewind,15
4654,220,2017-08-25 21:29:32,0,next_button,click,,next_button click,14
4655,220,2017-08-25 21:29:33,0,next_button,click,,next_button click,14
4656,220,2017-08-25 21:29:35,0,next_button,click,,next_button click,14
4657,220,2017-08-25 21:29:36,0,next_button,click,,next_button click,14
4658,220,2017-08-25 21:29:46,0,next_button,click,,next_button click,14
4659,220,2017-08-25 21:29:50,0,next_button,click,,next_button click,14
4660,220,2017-08-25 21:29:55,0,next_button,click,,next_button click,14
4661,220,2017-08-25 21:30:06,0,next_button,click,,next_button click,14
4662,220,2017-08-25 21:30:14,0,next_button,click,,next_button click,14
4663,220,2017-08-25 21:30:17,0,next_button,click,,next_button click,14
4664,220,2017-08-25 21:30:21,0,back_button,rewind,,back_button rewind,15
4665,220,2017-08-25 21:30:22,0,back_button,rewind,,back_button rewind,15
4666,220,2017-08-25 21:30:23,0,back_button,rewind,,back_button rewind,15
4667,220,2017-08-25 21:30:35,0,back_button,rewind,,back_button rewind,15
4668,220,2017-08-25 21:30:39,0,back_button,rewind,,back_button rewind,15
4669,220,2017-08-25 21:30:40,0,back_button,rewind,,back_button rewind,15
4670,220,2017-08-25 21:30:41,0,back_button,rewind,,back_button rewind,15
4671,220,2017-08-25 21:30:43,0,back_button,rewind,,back_button rewind,15
4672,220,2017-08-25 21:30:45,0,back_button,rewind,,back_button rewind,15
4673,220,2017-08-25 21:30:52,0,next_button,click,,next_button click,14
4674,220,2017-08-25 21:30:57,0,back_button,rewind,,back_button rewind,15
4675,220,2017-08-25 21:30:58,0,back_button,rewind,,back_button rewind,15
4676,220,2017-08-25 21:30:59,0,back_button,rewind,,back_button rewind,15
4677,220,2017-08-25 21:31:02,0,back_button,rewind,,back_button rewind,15
4678,220,2017-08-25 21:31:18,0,next_button,click,,next_button click,14
4679,220,2017-08-25 21:31:20,0,next_button,click,,next_button click,14
4680,220,2017-08-25 21:31:21,0,next_button,click,,next_button click,14
4681,220,2017-08-25 21:31:22,0,next_button,click,,next_button click,14
4682,220,2017-08-25 21:31:29,0,next_button,click,,next_button click,14
4683,220,2017-08-25 21:31:38,0,cardView,toggle,,cardView toggle,11
4684,220,2017-08-25 21:31:44,0,next_button,click,,next_button click,14
4685,220,2017-08-25 21:31:47,0,back_button,rewind,,back_button rewind,15
4686,220,2017-08-25 21:31:49,0,cardView,toggle,,cardView toggle,11
4687,220,2017-08-25 21:31:53,0,back_button,rewind,,back_button rewind,15
4688,220,2017-08-25 21:31:54,0,back_button,rewind,,back_button rewind,15
4689,220,2017-08-25 21:31:54,0,back_button,rewind,,back_button rewind,15
4690,220,2017-08-25 21:31:54,0,back_button,rewind,,back_button rewind,15
4691,220,2017-08-25 21:31:54,0,back_button,rewind,,back_button rewind,15
4692,220,2017-08-25 21:31:55,0,back_button,rewind,,back_button rewind,15
4693,220,2017-08-25 21:31:55,0,back_button,rewind,,back_button rewind,15
4694,220,2017-08-25 21:31:59,0,next_button,click,,next_button click,14
4695,220,2017-08-25 21:32:02,0,next_button,click,,next_button click,14
4696,220,2017-08-25 21:32:03,0,next_button,click,,next_button click,14
4697,220,2017-08-25 21:32:04,0,next_button,click,,next_button click,14
4698,220,2017-08-25 21:32:05,0,next_button,click,,next_button click,14
4699,220,2017-08-25 21:32:07,0,next_button,click,,next_button click,14
4700,220,2017-08-25 21:32:08,0,next_button,click,,next_button click,14
4701,220,2017-08-25 21:32:10,0,next_button,click,,next_button click,14
4702,220,2017-08-25 21:32:20,0,back_button,rewind,,back_button rewind,15
4703,220,2017-08-25 21:32:27,0,back_button,rewind,,back_button rewind,15
4704,220,2017-08-25 21:32:30,0,back_button,rewind,,back_button rewind,15
4705,220,2017-08-25 21:32:40,0,back_button,rewind,,back_button rewind,15
4706,220,2017-08-25 21:32:41,0,back_button,rewind,,back_button rewind,15
4707,220,2017-08-25 21:32:42,0,back_button,rewind,,back_button rewind,15
4708,220,2017-08-25 21:32:44,0,back_button,rewind,,back_button rewind,15
4709,220,2017-08-25 21:32:46,0,back_button,rewind,,back_button rewind,15
4710,220,2017-08-25 21:32:48,0,back_button,rewind,,back_button rewind,15
4711,220,2017-08-25 21:32:50,0,next_button,click,,next_button click,14
4712,220,2017-08-25 21:32:54,0,back_button,rewind,,back_button rewind,15
4713,220,2017-08-25 21:32:55,0,back_button,rewind,,back_button rewind,15
4714,220,2017-08-25 21:32:55,0,back_button,rewind,,back_button rewind,15
4715,220,2017-08-25 21:32:57,0,back_button,rewind,,back_button rewind,15
4716,220,2017-08-25 21:32:57,0,back_button,rewind,,back_button rewind,15
4717,220,2017-08-25 21:32:57,0,back_button,rewind,,back_button rewind,15
4718,220,2017-08-25 21:32:57,0,back_button,rewind,,back_button rewind,15
4719,220,2017-08-25 21:32:58,0,back_button,rewind,,back_button rewind,15
4720,220,2017-08-25 21:32:58,0,back_button,rewind,,back_button rewind,15
4721,220,2017-08-25 21:32:58,0,back_button,rewind,,back_button rewind,15
4722,220,2017-08-25 21:32:58,0,back_button,rewind,,back_button rewind,15
4723,220,2017-08-25 21:33:00,0,back_button,rewind,,back_button rewind,15
4724,220,2017-08-25 21:33:01,0,back_button,rewind,,back_button rewind,15
4725,220,2017-08-25 21:33:01,0,back_button,rewind,,back_button rewind,15
4726,220,2017-08-25 21:33:02,0,back_button,rewind,,back_button rewind,15
4727,220,2017-08-25 21:33:02,0,back_button,rewind,,back_button rewind,15
4728,220,2017-08-25 21:33:02,0,back_button,rewind,,back_button rewind,15
4729,220,2017-08-25 21:33:03,0,back_button,rewind,,back_button rewind,15
4730,220,2017-08-25 21:33:04,0,next_button,click,,next_button click,14
4731,220,2017-08-25 21:33:04,0,next_button,click,,next_button click,14
4732,220,2017-08-25 21:33:06,0,next_button,click,,next_button click,14
4733,220,2017-08-25 21:33:09,0,next_button,click,,next_button click,14
4734,220,2017-08-25 21:33:14,0,next_button,click,,next_button click,14
4735,220,2017-08-25 21:33:22,0,next_button,click,,next_button click,14
4736,220,2017-08-25 21:33:54,0,next_button,click,,next_button click,14
4737,220,2017-08-25 21:34:29,0,back_button,rewind,,back_button rewind,15
4738,220,2017-08-25 21:34:37,0,next_button,click,,next_button click,14
4739,220,2017-08-25 21:34:40,0,cardView,toggle,,cardView toggle,11
4740,220,2017-08-25 21:34:42,0,cardView,toggle,,cardView toggle,11
4741,220,2017-08-25 21:34:44,0,next_button,click,,next_button click,14
4742,220,2017-08-25 21:35:20,0,next_button,click,,next_button click,14
4743,220,2017-08-25 21:35:30,0,next_button,click,,next_button click,14
4744,220,2017-08-25 21:36:40,0,back_button,rewind,,back_button rewind,15
4745,220,2017-08-25 21:36:42,0,next_button,click,,next_button click,14
4746,220,2017-08-25 21:47:29,0,next_button,click,,next_button click,14
4747,220,2017-08-25 21:47:30,0,next_button,click,,next_button click,14
4748,220,2017-08-25 21:47:32,0,next_button,click,,next_button click,14
4749,220,2017-08-25 21:47:33,0,next_button,click,,next_button click,14
4750,220,2017-08-25 21:47:35,0,next_button,click,,next_button click,14
4751,220,2017-08-25 21:47:36,0,next_button,click,,next_button click,14
4752,220,2017-08-25 21:47:38,0,next_button,click,,next_button click,14
4753,220,2017-08-25 21:47:41,0,next_button,click,,next_button click,14
4754,220,2017-08-25 21:47:46,0,next_button,click,,next_button click,14
4755,220,2017-08-25 21:48:10,0,full_screen_button,fullscreen,,full_screen_button fullscreen,27
4756,220,2017-08-25 21:48:12,0,full_screen_button,collapsed,,full_screen_button collapsed,19
4808,217,2017-08-27 18:37:20,0,full_screen_button,fullscreen,,full_screen_button fullscreen,27
4809,217,2017-08-27 18:37:22,0,play_pause_button,play,,play_pause_button play,9
4810,217,2017-08-27 18:37:55,0,play_pause_button,pause,,play_pause_button pause,16
4811,217,2017-08-27 18:37:59,0,full_screen_button,collapsed,,full_screen_button collapsed,19
4812,217,2017-08-27 18:38:07,0,play_pause_button,play,,play_pause_button play,9
4813,217,2017-08-27 18:38:41,0,full_screen_button,fullscreen,,full_screen_button fullscreen,27
4814,217,2017-08-27 18:38:43,0,play_pause_button,play,,play_pause_button play,9
4815,217,2017-08-27 18:39:05,0,play_pause_button,pause,,play_pause_button pause,16
4816,217,2017-08-27 18:39:08,0,full_screen_button,collapsed,,full_screen_button collapsed,19
4817,217,2017-08-27 18:42:39,0,full_screen_button,fullscreen,,full_screen_button fullscreen,27
4818,217,2017-08-27 18:42:43,0,play_pause_button,play,,play_pause_button play,9
4819,217,2017-08-27 18:43:18,0,select_recipe,mullet,,select_recipe mullet,13
4820,217,2017-08-27 18:43:25,0,experience_level,not_really,,experience_level not_really,25
4821,217,2017-08-27 18:43:32,0,cook_reason,learn,,cook_reason learn,24
4822,217,2017-08-27 18:43:36,0,cooking_for,2,,cooking_for 2,21
4823,217,2017-08-27 18:43:58,0,not_quite_button,click,,not_quite_button click,10
4824,217,2017-08-27 18:44:05,0,experience_level,not_really,,experience_level not_really,25
4825,217,2017-08-27 18:44:07,0,cook_reason,learn,,cook_reason learn,24
4826,217,2017-08-27 18:44:13,0,cooking_for,2,,cooking_for 2,21
4827,217,2017-08-27 18:44:35,0,confirm_cook,click,,confirm_cook click,26
4828,217,2017-08-27 18:45:05,0,cardView,toggle,,cardView toggle,11
4829,217,2017-08-27 18:45:08,0,next_button,click,,next_button click,14
4830,217,2017-08-27 18:45:22,0,next_button,click,,next_button click,14
4831,217,2017-08-27 18:45:23,0,next_button,click,,next_button click,14
4832,217,2017-08-27 18:46:03,0,back_button,rewind,,back_button rewind,15
4833,217,2017-08-27 18:47:14,0,next_button,click,,next_button click,14
4834,217,2017-08-27 18:47:25,0,next_button,click,,next_button click,14
4835,217,2017-08-27 18:48:54,0,back_button,rewind,,back_button rewind,15
4836,217,2017-08-27 18:50:49,0,next_button,click,,next_button click,14
4837,217,2017-08-27 18:53:38,0,next_button,click,,next_button click,14
4838,217,2017-08-27 18:54:28,0,next_button,click,,next_button click,14
4839,217,2017-08-27 18:54:39,0,next_button,click,,next_button click,14
4840,217,2017-08-27 18:54:39,0,next_button,click,,next_button click,14
4841,217,2017-08-27 18:55:50,0,next_button,click,,next_button click,14
4842,217,2017-08-27 18:55:52,0,next_button,click,,next_button click,14
4843,217,2017-08-27 18:56:02,0,next_button,click,,next_button click,14
4844,217,2017-08-27 18:56:13,0,next_button,click,,next_button click,14
4845,217,2017-08-27 18:56:14,0,next_button,click,,next_button click,14
4846,217,2017-08-27 18:56:15,0,next_button,click,,next_button click,14
4847,217,2017-08-27 18:56:26,0,back_button,rewind,,back_button rewind,15
4848,217,2017-08-27 18:56:26,0,back_button,rewind,,back_button rewind,15
4849,217,2017-08-27 18:56:27,0,back_button,rewind,,back_button rewind,15
4850,217,2017-08-27 18:56:27,0,back_button,rewind,,back_button rewind,15
4851,217,2017-08-27 18:56:27,0,back_button,rewind,,back_button rewind,15
4852,217,2017-08-27 18:56:29,0,back_button,rewind,,back_button rewind,15
4853,217,2017-08-27 18:56:30,0,back_button,rewind,,back_button rewind,15
4854,217,2017-08-27 18:56:31,0,next_button,click,,next_button click,14
4855,217,2017-08-27 18:56:41,0,next_button,click,,next_button click,14
4856,217,2017-08-27 18:56:41,0,next_button,click,,next_button click,14
4857,217,2017-08-27 18:56:43,0,next_button,click,,next_button click,14
4858,217,2017-08-27 18:56:52,0,next_button,click,,next_button click,14
4859,217,2017-08-27 18:56:52,0,next_button,click,,next_button click,14
4860,217,2017-08-27 18:57:02,0,next_button,click,,next_button click,14
4861,217,2017-08-27 18:57:06,0,back_button,rewind,,back_button rewind,15
4862,217,2017-08-27 18:57:07,0,back_button,rewind,,back_button rewind,15
4863,217,2017-08-27 18:57:10,0,cardView,toggle,,cardView toggle,11
4864,217,2017-08-27 18:57:19,0,back_button,rewind,,back_button rewind,15
4865,217,2017-08-27 18:57:20,0,back_button,rewind,,back_button rewind,15
4866,217,2017-08-27 18:57:20,0,cardView,toggle,,cardView toggle,11
4867,217,2017-08-27 18:57:20,0,back_button,rewind,,back_button rewind,15
4868,217,2017-08-27 19:00:51,0,back_button,rewind,,back_button rewind,15
4869,217,2017-08-27 19:00:52,0,next_button,click,,next_button click,14
4870,217,2017-08-27 19:00:56,0,next_button,click,,next_button click,14
4871,217,2017-08-27 19:01:07,0,next_button,click,,next_button click,14
4872,217,2017-08-27 19:03:11,0,next_button,click,,next_button click,14
4873,217,2017-08-27 19:06:10,0,next_button,click,,next_button click,14
4874,217,2017-08-27 19:06:37,0,next_button,click,,next_button click,14
4875,217,2017-08-27 19:09:48,0,next_button,click,,next_button click,14
4876,217,2017-08-27 19:09:59,0,next_button,click,,next_button click,14
4877,217,2017-08-27 19:10:02,0,next_button,click,,next_button click,14
4878,217,2017-08-27 19:10:02,0,next_button,click,,next_button click,14
4879,217,2017-08-27 19:13:17,0,next_button,click,,next_button click,14
4880,217,2017-08-27 19:14:05,0,full_screen_button,fullscreen,,full_screen_button fullscreen,27
4881,217,2017-08-27 19:14:07,0,full_screen_button,collapsed,,full_screen_button collapsed,19
5246,113,2017-08-30 07:44:50,0,play_pause_button,play,,play_pause_button play,9
5247,113,2017-08-30 07:46:08,0,play_pause_button,pause,,play_pause_button pause,16
5248,113,2017-08-30 07:46:11,0,play_pause_button,play,,play_pause_button play,9
5249,113,2017-08-30 07:46:16,0,select_recipe,choc_pots,,select_recipe choc_pots,4
5250,113,2017-08-30 07:46:25,0,experience_level,not_really,,experience_level not_really,25
5251,113,2017-08-30 07:46:30,0,cook_reason,dinner,,cook_reason dinner,28
5252,113,2017-08-30 07:46:33,0,cooking_for,2,,cooking_for 2,21
5253,113,2017-08-30 07:46:46,0,confirm_cook,click,,confirm_cook click,26
5254,113,2017-08-30 07:46:57,0,next_button,click,,next_button click,14
5255,113,2017-08-30 07:46:59,0,next_button,click,,next_button click,14
5256,113,2017-08-30 07:47:33,0,cardView,toggle,,cardView toggle,11
5257,113,2017-08-30 07:47:51,0,cardView,toggle,,cardView toggle,11
5258,113,2017-08-30 07:47:54,0,cardView,toggle,,cardView toggle,11
5259,113,2017-08-30 07:50:23,0,next_button,click,,next_button click,14
5260,113,2017-08-30 07:50:47,0,next_button,click,,next_button click,14
5261,113,2017-08-30 07:51:13,0,back_button,rewind,,back_button rewind,15
5262,113,2017-08-30 07:51:14,0,back_button,rewind,,back_button rewind,15
5263,113,2017-08-30 07:51:14,0,back_button,rewind,,back_button rewind,15
5264,113,2017-08-30 07:51:15,0,back_button,rewind,,back_button rewind,15
5265,113,2017-08-30 07:51:16,0,back_button,rewind,,back_button rewind,15
5266,113,2017-08-30 07:51:17,0,back_button,rewind,,back_button rewind,15
5267,113,2017-08-30 07:51:19,0,next_button,click,,next_button click,14
5268,113,2017-08-30 07:51:24,0,next_button,click,,next_button click,14
5269,113,2017-08-30 07:51:25,0,next_button,click,,next_button click,14
5270,113,2017-08-30 07:51:26,0,next_button,click,,next_button click,14
5271,113,2017-08-30 07:51:27,0,next_button,click,,next_button click,14
5272,113,2017-08-30 07:51:32,0,cardView,toggle,,cardView toggle,11
5273,113,2017-08-30 07:51:40,0,cardView,toggle,,cardView toggle,11
5274,113,2017-08-30 07:52:23,0,next_button,click,,next_button click,14
5275,113,2017-08-30 07:52:34,0,back_button,rewind,,back_button rewind,15
5276,113,2017-08-30 07:52:43,0,next_button,click,,next_button click,14
5277,113,2017-08-30 07:53:01,0,next_button,click,,next_button click,14
5278,113,2017-08-30 07:53:54,0,next_button,click,,next_button click,14
5279,113,2017-08-30 07:57:56,0,next_button,click,,next_button click,14
5280,113,2017-08-30 08:03:44,0,next_button,click,,next_button click,14
5281,113,2017-08-30 08:03:53,0,next_button,click,,next_button click,14
5282,113,2017-08-30 08:03:59,0,next_button,click,,next_button click,14
5283,113,2017-08-30 08:04:02,0,next_button,click,,next_button click,14
5284,113,2017-08-30 08:04:12,0,next_button,click,,next_button click,14
5285,113,2017-08-30 08:04:14,0,next_button,click,,next_button click,14
5286,113,2017-08-30 08:04:17,0,next_button,click,,next_button click,14
