id,participant_id,timestamp,pagetime,item,action,message
2251,109,"2017-08-20 19:21:27",0,play_pause_button,play,
2258,109,"2017-08-20 19:26:34",0,full_screen_button,fullscreen,
3059,425,"2017-08-22 17:31:32",24156,window,blur,
3060,425,"2017-08-22 17:31:36",27647,window,focus,
3061,425,"2017-08-22 17:31:37",28958,v1,play,"0 fullscreen=false"
3062,425,"2017-08-22 17:32:01",52403,v1,pause,"0 fullscreen=false"
3063,425,"2017-08-22 17:32:01",52506,v1,play,"0 fullscreen=false"
3064,425,"2017-08-22 17:32:02",53258,v1,pause,"0 fullscreen=false"
3065,425,"2017-08-22 17:32:03",53786,v1,play,"0 fullscreen=false"
3066,425,"2017-08-22 17:32:06",57610,window,blur,
3067,425,"2017-08-22 17:32:07",58297,v1,pause,"0 fullscreen=false"
3068,425,"2017-08-22 17:37:05",257589,window,blur,
3069,425,"2017-08-22 17:41:28",520510,window,focus,
3070,425,"2017-08-22 17:41:35",529102,window,blur,
3071,425,"2017-08-22 17:44:00",674464,window,focus,
3072,425,"2017-08-22 17:44:05",679779,window,blur,
3073,425,"2017-08-22 17:47:54",908403,window,focus,
3074,425,"2017-08-22 17:48:22",936756,window,blur,
3075,425,"2017-08-22 17:51:12",1105405,window,focus,
3076,425,"2017-08-22 17:51:20",1114431,tab-r2,click,
3077,425,"2017-08-22 17:51:26",1120210,tab-r3,click,
3078,425,"2017-08-22 17:51:27",1121800,tab-r1,click,
3079,425,"2017-08-22 17:51:28",1122633,tab-r2,click,
3080,425,"2017-08-22 17:51:30",1124363,tab-r3,click,
3081,425,"2017-08-22 17:51:31",1125128,tab-r2,click,
3082,425,"2017-08-22 17:52:08",1162297,window,blur,
3083,425,"2017-08-22 17:52:28",1182654,window,focus,
3084,425,"2017-08-22 17:52:40",1194186,tab-r1,click,
3085,425,"2017-08-22 17:52:46",1200540,tab-r2,click,
3086,425,"2017-08-22 17:52:48",1201205,tab-r3,click,
3087,425,"2017-08-22 17:52:50",1203580,tab-r2,click,
3088,425,"2017-08-22 17:53:40",1254542,window,blur,
3089,425,"2017-08-22 17:53:42",1256324,window,focus,
3090,425,"2017-08-22 17:54:12",1286963,window,blur,
3091,425,"2017-08-22 17:54:47",1321423,window,focus,
3092,425,"2017-08-22 17:54:56",1330728,tab-r3,click,
3093,425,"2017-08-22 17:55:03",1337087,tab-r2,click,
3094,425,"2017-08-22 17:59:03",1576578,window,blur,
3095,425,"2017-08-22 17:59:19",1593921,window,focus,
3096,425,"2017-08-22 18:00:38",1671709,tab-r3,click,
3097,425,"2017-08-22 18:02:53",1803986,window,blur,
3098,425,"2017-08-22 18:03:36",1850620,window,focus,
3099,425,"2017-08-22 18:03:38",1852947,window,blur,
3100,425,"2017-08-22 18:04:49",1919098,window,focus,
3101,425,"2017-08-22 18:04:53",1927971,window,blur,
3131,425,"2017-08-22 18:47:38",4487916,window,focus,
3132,425,"2017-08-22 18:47:39",4490578,v3,play,"0 fullscreen=false"
3133,425,"2017-08-22 18:50:22",4653998,tab-finish,click,
3134,425,"2017-08-22 18:50:26",0,window,finish,"425 finished cooking"
3218,407,"2017-08-22 22:00:41",0,play_pause_button,play,
3219,407,"2017-08-22 22:01:46",0,play_pause_button,play,
3220,407,"2017-08-23 08:06:17",0,play_pause_button,play,
3290,109,"2017-08-23 17:52:23",0,play_pause_button,play,
3292,109,"2017-08-23 17:56:00",0,play_pause_button,play,
3305,109,"2017-08-23 18:00:09",0,play_pause_button,pause,
3306,109,"2017-08-23 18:00:36",0,full_screen_button,fullscreen,
3307,109,"2017-08-23 18:00:38",0,full_screen_button,collapsed,
3311,109,"2017-08-23 18:02:14",0,play_pause_button,play,
3312,109,"2017-08-23 18:02:31",0,full_screen_button,fullscreen,
3313,109,"2017-08-23 18:03:04",0,full_screen_button,collapsed,
3317,109,"2017-08-23 18:04:57",0,select_recipe,choc_pots,
3318,109,"2017-08-23 18:05:12",0,experience_level,not_really,
3319,109,"2017-08-23 18:05:17",0,cook_reason,learn,
3320,109,"2017-08-23 18:05:22",0,cooking_for,2,
3322,109,"2017-08-23 18:05:45",0,not_quite_button,click,
3324,109,"2017-08-23 18:05:59",0,experience_level,not_really,
3325,109,"2017-08-23 18:06:01",0,cook_reason,learn,
3326,109,"2017-08-23 18:06:04",0,cooking_for,2,
3327,109,"2017-08-23 18:06:08",0,confirm_cook,click,
3330,109,"2017-08-23 18:06:43",0,next_button,click,
3332,109,"2017-08-23 18:06:46",0,back_button,rewind,
3334,109,"2017-08-23 18:06:47",0,back_button,rewind,
3335,109,"2017-08-23 18:06:56",0,back_button,rewind,
3336,109,"2017-08-23 18:06:57",0,back_button,rewind,
3337,109,"2017-08-23 18:07:05",0,back_button,rewind,
3338,109,"2017-08-23 18:07:13",0,play_pause_button,pause,
3339,109,"2017-08-23 18:07:18",0,cardView,toggle,
3340,109,"2017-08-23 18:07:25",0,cardView,toggle,
3341,109,"2017-08-23 18:07:27",0,cardView,toggle,
3342,109,"2017-08-23 18:07:28",0,cardView,toggle,
3343,109,"2017-08-23 18:07:32",0,back_button,rewind,
3345,109,"2017-08-23 18:07:33",0,back_button,rewind,
3347,109,"2017-08-23 18:07:42",0,full_screen_button,fullscreen,
3348,109,"2017-08-23 18:07:47",0,back_button,rewind,
3350,109,"2017-08-23 18:07:55",0,back_button,rewind,
3351,109,"2017-08-23 18:08:37",0,play_pause_button,play,
3352,109,"2017-08-23 18:08:41",0,full_screen_button,fullscreen,
3353,109,"2017-08-23 18:08:56",0,select_recipe,choc_pots,
3356,109,"2017-08-23 18:09:00",0,experience_level,not_really,
3358,109,"2017-08-23 18:09:04",0,cook_reason,learn,
3359,109,"2017-08-23 18:09:09",0,cooking_for,2,
3360,109,"2017-08-23 18:09:11",0,confirm_cook,click,
3364,109,"2017-08-23 18:10:04",0,play_pause_button,play,
3365,109,"2017-08-23 18:10:10",0,play_pause_button,pause,
3367,205,"2017-08-23 18:10:20",0,play_pause_button,play,
3368,109,"2017-08-23 18:10:20",0,play_pause_button,pause,
3369,109,"2017-08-23 18:10:37",0,cardView,toggle,
3370,109,"2017-08-23 18:10:47",0,cardView,toggle,
3371,109,"2017-08-23 18:10:52",0,play_pause_button,play,
3380,109,"2017-08-23 18:12:45",0,play_pause_button,pause,
3381,205,"2017-08-23 18:12:50",0,play_pause_button,play,
3382,109,"2017-08-23 18:12:52",0,cardView,toggle,
3383,109,"2017-08-23 18:12:57",0,next_button,click,
3384,205,"2017-08-23 18:13:08",0,full_screen_button,fullscreen,
3385,205,"2017-08-23 18:13:11",0,play_pause_button,pause,
3386,205,"2017-08-23 18:13:11",0,play_pause_button,play,
3387,205,"2017-08-23 18:13:18",0,select_recipe,mullet,
3388,205,"2017-08-23 18:13:29",0,experience_level,lots,
3389,205,"2017-08-23 18:13:32",0,cook_reason,dinner,
3390,205,"2017-08-23 18:13:34",0,cooking_for,2,
3394,109,"2017-08-23 18:14:58",0,cardView,toggle,
3396,109,"2017-08-23 18:15:03",0,cardView,toggle,
3397,205,"2017-08-23 18:15:35",0,confirm_cook,click,
3398,205,"2017-08-23 18:16:09",0,next_button,click,
3399,205,"2017-08-23 18:16:11",0,back_button,rewind,
3400,205,"2017-08-23 18:16:15",0,cardView,toggle,
3402,205,"2017-08-23 18:16:24",0,cardView,toggle,
3403,205,"2017-08-23 18:16:25",0,next_button,click,
3404,205,"2017-08-23 18:16:29",0,cardView,toggle,
3405,205,"2017-08-23 18:16:32",0,next_button,click,
3406,205,"2017-08-23 18:16:55",0,back_button,rewind,
3407,205,"2017-08-23 18:16:56",0,back_button,rewind,
3408,205,"2017-08-23 18:16:57",0,next_button,click,
3409,205,"2017-08-23 18:16:57",0,next_button,click,
3410,109,"2017-08-23 18:17:01",0,next_button,click,
3411,109,"2017-08-23 18:17:18",0,cardView,toggle,
3412,109,"2017-08-23 18:17:19",0,cardView,toggle,
3413,109,"2017-08-23 18:17:23",0,cardView,toggle,
3414,109,"2017-08-23 18:17:25",0,cardView,toggle,
3417,205,"2017-08-23 18:17:50",0,next_button,click,
3418,205,"2017-08-23 18:17:57",0,next_button,click,
3419,205,"2017-08-23 18:17:59",0,next_button,click,
3425,109,"2017-08-23 18:18:27",0,back_button,rewind,
3426,109,"2017-08-23 18:18:29",0,next_button,click,
3429,109,"2017-08-23 18:18:32",0,full_screen_button,collapsed,
3431,205,"2017-08-23 18:18:38",0,back_button,rewind,
3432,205,"2017-08-23 18:18:39",0,back_button,rewind,
3433,109,"2017-08-23 18:19:02",0,back_button,rewind,
3434,109,"2017-08-23 18:19:06",0,next_button,click,
3439,109,"2017-08-23 18:21:10",0,next_button,click,
3450,109,"2017-08-23 18:25:49",0,next_button,click,
3451,109,"2017-08-23 18:27:05",0,next_button,click,
3452,205,"2017-08-23 18:28:23",0,cardView,toggle,
3453,205,"2017-08-23 18:28:25",0,cardView,toggle,
3454,205,"2017-08-23 18:28:27",0,next_button,click,
3456,109,"2017-08-23 18:29:10",0,next_button,click,
3460,205,"2017-08-23 18:33:45",0,next_button,click,
3461,205,"2017-08-23 18:33:53",0,next_button,click,
3462,205,"2017-08-23 18:33:55",0,next_button,click,
3463,205,"2017-08-23 18:33:57",0,back_button,rewind,
3464,205,"2017-08-23 18:33:58",0,back_button,rewind,
3465,109,"2017-08-23 18:34:05",0,next_button,click,
3466,205,"2017-08-23 18:35:24",0,next_button,click,
3467,205,"2017-08-23 18:35:29",0,back_button,rewind,
3468,205,"2017-08-23 18:36:03",0,next_button,click,
3469,205,"2017-08-23 18:36:28",0,next_button,click,
3472,205,"2017-08-23 18:37:33",0,next_button,click,
3473,205,"2017-08-23 18:38:09",0,cardView,toggle,
3474,205,"2017-08-23 18:38:12",0,cardView,toggle,
3475,205,"2017-08-23 18:38:13",0,next_button,click,
3476,205,"2017-08-23 18:38:23",0,next_button,click,
3478,205,"2017-08-23 18:39:36",0,next_button,click,
3480,109,"2017-08-23 18:40:15",0,next_button,click,
3488,205,"2017-08-23 18:43:22",0,next_button,click,
3489,109,"2017-08-23 18:43:27",0,next_button,click,
3491,205,"2017-08-23 18:44:26",0,back_button,rewind,
3492,205,"2017-08-23 18:44:28",0,back_button,rewind,
3493,205,"2017-08-23 18:44:29",0,next_button,click,
3494,205,"2017-08-23 18:44:29",0,next_button,click,
3498,109,"2017-08-23 18:45:43",0,next_button,click,
3500,109,"2017-08-23 18:46:36",0,back_button,rewind,
3501,109,"2017-08-23 18:46:37",0,back_button,rewind,
3502,109,"2017-08-23 18:46:41",0,next_button,click,
3503,109,"2017-08-23 18:46:43",0,next_button,click,
3504,109,"2017-08-23 18:46:44",0,next_button,click,
3505,109,"2017-08-23 18:47:07",0,next_button,click,
3506,109,"2017-08-23 18:47:20",0,next_button,click,
3508,205,"2017-08-23 18:48:21",0,next_button,click,
3510,205,"2017-08-23 18:49:26",0,next_button,click,
3511,205,"2017-08-23 18:49:29",0,back_button,rewind,
3512,205,"2017-08-23 18:49:29",0,back_button,rewind,
3513,205,"2017-08-23 18:49:30",0,back_button,rewind,
3514,205,"2017-08-23 18:49:30",0,back_button,rewind,
3515,205,"2017-08-23 18:49:32",0,next_button,click,
3516,205,"2017-08-23 18:49:32",0,next_button,click,
3517,205,"2017-08-23 18:49:32",0,next_button,click,
3518,205,"2017-08-23 18:49:32",0,next_button,click,
3520,205,"2017-08-23 18:51:20",0,next_button,click,
3521,109,"2017-08-23 18:51:23",0,next_button,click,
3524,205,"2017-08-23 18:52:36",0,next_button,click,
3526,205,"2017-08-23 18:56:19",0,next_button,click,
3528,205,"2017-08-23 18:57:14",0,next_button,click,
3530,205,"2017-08-23 18:57:19",0,next_button,click,
3982,121,"2017-08-25 16:08:16",0,full_screen_button,fullscreen,
3983,121,"2017-08-25 16:08:33",0,play_pause_button,play,
3984,121,"2017-08-25 16:09:23",0,play_pause_button,pause,
3985,121,"2017-08-25 16:09:24",0,play_pause_button,play,
3986,121,"2017-08-25 16:09:43",0,full_screen_button,collapsed,
3987,121,"2017-08-25 16:09:50",0,select_recipe,choc_pots,
3988,121,"2017-08-25 16:09:56",0,experience_level,not_really,
3989,121,"2017-08-25 16:10:02",0,cook_reason,learn,
3990,121,"2017-08-25 16:10:07",0,cooking_for,4,
3991,121,"2017-08-25 16:11:30",0,not_quite_button,click,
3992,121,"2017-08-25 16:17:21",0,experience_level,lots,
3993,121,"2017-08-25 16:17:23",0,cook_reason,learn,
3994,121,"2017-08-25 16:17:27",0,cooking_for,2,
3995,121,"2017-08-25 16:17:38",0,play_pause_button,play,
3996,121,"2017-08-25 16:17:40",0,select_recipe,choc_pots,
3997,121,"2017-08-25 16:17:43",0,experience_level,lots,
3998,121,"2017-08-25 16:17:45",0,cook_reason,learn,
3999,121,"2017-08-25 16:17:47",0,cooking_for,4,
4000,121,"2017-08-25 16:17:49",0,confirm_cook,click,
4001,121,"2017-08-25 16:18:02",0,cardView,toggle,
4002,121,"2017-08-25 16:18:17",0,next_button,click,
4003,121,"2017-08-25 16:20:24",0,next_button,click,
4004,121,"2017-08-25 16:21:07",0,next_button,click,
4005,121,"2017-08-25 16:21:13",0,back_button,rewind,
4006,121,"2017-08-25 16:24:50",0,next_button,click,
4007,121,"2017-08-25 16:24:56",0,next_button,click,
4008,121,"2017-08-25 16:25:00",0,next_button,click,
4009,121,"2017-08-25 16:28:19",0,next_button,click,
4010,121,"2017-08-25 16:29:30",0,next_button,click,
4011,121,"2017-08-25 16:31:17",0,next_button,click,
4014,121,"2017-08-25 16:33:08",0,next_button,click,
4016,121,"2017-08-25 16:33:24",0,back_button,rewind,
4018,121,"2017-08-25 16:33:36",0,next_button,click,
4019,121,"2017-08-25 16:33:37",0,next_button,click,
4020,121,"2017-08-25 16:33:40",0,next_button,click,
4021,121,"2017-08-25 16:33:42",0,next_button,click,
4022,121,"2017-08-25 16:33:43",0,next_button,click,
4023,121,"2017-08-25 16:33:45",0,back_button,rewind,
4024,121,"2017-08-25 16:33:45",0,back_button,rewind,
4025,121,"2017-08-25 16:33:46",0,back_button,rewind,
4026,121,"2017-08-25 16:34:33",0,back_button,rewind,
4027,121,"2017-08-25 16:34:34",0,back_button,rewind,
4028,121,"2017-08-25 16:34:35",0,back_button,rewind,
4029,121,"2017-08-25 16:34:36",0,back_button,rewind,
4030,121,"2017-08-25 16:34:37",0,back_button,rewind,
4031,121,"2017-08-25 16:34:38",0,back_button,rewind,
4032,121,"2017-08-25 16:34:39",0,next_button,click,
4033,121,"2017-08-25 16:34:40",0,next_button,click,
4034,121,"2017-08-25 16:34:40",0,next_button,click,
4035,121,"2017-08-25 16:34:40",0,next_button,click,
4036,121,"2017-08-25 16:34:41",0,next_button,click,
4037,121,"2017-08-25 16:34:43",0,next_button,click,
4038,121,"2017-08-25 16:34:44",0,next_button,click,
4039,121,"2017-08-25 16:34:45",0,next_button,click,
4040,121,"2017-08-25 16:34:49",0,back_button,rewind,
4041,121,"2017-08-25 16:35:04",0,back_button,rewind,
4042,121,"2017-08-25 16:49:58",0,next_button,click,
4043,121,"2017-08-25 16:49:58",0,next_button,click,
4044,121,"2017-08-25 16:49:58",0,next_button,click,
4045,121,"2017-08-25 16:50:00",0,next_button,click,
4046,121,"2017-08-25 16:50:02",0,next_button,click,
4047,121,"2017-08-25 16:50:06",0,next_button,click,
4048,121,"2017-08-25 16:51:27",0,full_screen_button,fullscreen,
4049,121,"2017-08-25 16:51:28",0,full_screen_button,collapsed,
4349,112,"2017-08-25 18:06:24",0,play_pause_button,play,
4350,112,"2017-08-25 18:06:42",0,full_screen_button,fullscreen,
4352,112,"2017-08-25 18:07:20",0,play_pause_button,pause,
4353,112,"2017-08-25 18:07:22",0,full_screen_button,collapsed,
4393,112,"2017-08-25 18:11:46",0,play_pause_button,play,
4395,112,"2017-08-25 18:11:47",0,play_pause_button,pause,
4396,112,"2017-08-25 18:11:58",0,play_pause_button,play,
4397,112,"2017-08-25 18:12:00",0,full_screen_button,fullscreen,
4404,112,"2017-08-25 18:12:37",0,full_screen_button,fullscreen,
4405,112,"2017-08-25 18:12:40",0,play_pause_button,play,
4407,112,"2017-08-25 18:13:35",0,select_recipe,choc_pots,
4409,112,"2017-08-25 18:14:03",0,play_pause_button,play,
4411,112,"2017-08-25 18:14:16",0,select_recipe,choc_pots,
4412,112,"2017-08-25 18:14:22",0,experience_level,not_really,
4413,112,"2017-08-25 18:14:33",0,full_screen_button,fullscreen,
4414,112,"2017-08-25 18:14:36",0,cook_reason,dinner,
4415,112,"2017-08-25 18:14:40",0,cooking_for,2,
4417,112,"2017-08-25 18:15:53",0,not_quite_button,click,
4418,112,"2017-08-25 18:15:55",0,select_recipe,deselect,
4420,112,"2017-08-25 18:15:58",0,select_recipe,choc_pots,
4421,112,"2017-08-25 18:16:02",0,experience_level,not_really,
4422,112,"2017-08-25 18:16:05",0,cook_reason,dinner,
4423,112,"2017-08-25 18:16:07",0,cooking_for,2,
4424,112,"2017-08-25 18:16:13",0,confirm_cook,click,
4425,112,"2017-08-25 18:16:21",0,cardView,toggle,
4427,112,"2017-08-25 18:17:22",0,next_button,click,
4428,112,"2017-08-25 18:17:50",0,next_button,click,
4429,112,"2017-08-25 18:17:55",0,back_button,rewind,
4434,112,"2017-08-25 18:20:29",0,next_button,click,
4437,112,"2017-08-25 18:24:23",0,back_button,rewind,
4438,112,"2017-08-25 18:24:24",0,back_button,rewind,
4439,112,"2017-08-25 18:24:25",0,back_button,rewind,
4440,112,"2017-08-25 18:24:27",0,back_button,rewind,
4441,112,"2017-08-25 18:24:28",0,back_button,rewind,
4442,112,"2017-08-25 18:24:34",0,back_button,rewind,
4443,112,"2017-08-25 18:24:38",0,next_button,click,
4444,112,"2017-08-25 18:24:40",0,next_button,click,
4445,112,"2017-08-25 18:26:12",0,next_button,click,
4446,112,"2017-08-25 18:31:40",0,next_button,click,
4447,112,"2017-08-25 18:32:43",0,next_button,click,
4448,112,"2017-08-25 18:32:44",0,next_button,click,
4449,112,"2017-08-25 18:32:54",0,back_button,rewind,
4450,112,"2017-08-25 18:32:57",0,next_button,click,
4451,112,"2017-08-25 18:32:58",0,next_button,click,
4452,112,"2017-08-25 18:33:02",0,next_button,click,
4453,112,"2017-08-25 18:33:05",0,next_button,click,
4454,112,"2017-08-25 18:33:07",0,next_button,click,
4455,112,"2017-08-25 18:33:10",0,next_button,click,
4456,112,"2017-08-25 18:33:14",0,next_button,click,
4457,112,"2017-08-25 18:33:16",0,back_button,rewind,
4458,112,"2017-08-25 18:33:19",0,back_button,rewind,
4459,112,"2017-08-25 18:33:23",0,back_button,rewind,
4460,112,"2017-08-25 18:33:25",0,back_button,rewind,
4461,112,"2017-08-25 18:33:32",0,back_button,rewind,
4462,112,"2017-08-25 18:33:33",0,back_button,rewind,
4463,112,"2017-08-25 18:33:38",0,back_button,rewind,
4464,112,"2017-08-25 18:33:43",0,back_button,rewind,
4465,112,"2017-08-25 18:35:34",0,next_button,click,
4466,112,"2017-08-25 18:38:38",0,next_button,click,
4467,112,"2017-08-25 18:40:11",0,next_button,click,
4468,112,"2017-08-25 18:42:51",0,next_button,click,
4469,112,"2017-08-25 18:42:58",0,next_button,click,
4470,112,"2017-08-25 18:43:07",0,back_button,rewind,
4471,112,"2017-08-25 18:44:02",0,next_button,click,
4472,112,"2017-08-25 18:44:14",0,next_button,click,
4473,112,"2017-08-25 18:44:19",0,next_button,click,
4474,112,"2017-08-25 18:44:24",0,back_button,rewind,
4475,112,"2017-08-25 18:44:25",0,back_button,rewind,
4476,112,"2017-08-25 18:46:53",0,next_button,click,
4477,112,"2017-08-25 18:47:15",0,next_button,click,
4478,112,"2017-08-25 18:47:41",0,next_button,click,
4479,112,"2017-08-25 18:47:46",0,next_button,click,
4480,112,"2017-08-25 18:47:51",0,back_button,rewind,
4481,112,"2017-08-25 18:47:53",0,back_button,rewind,
4482,112,"2017-08-25 18:47:57",0,next_button,click,
4483,112,"2017-08-25 18:52:50",0,next_button,click,
4484,112,"2017-08-25 18:52:55",0,next_button,click,
4485,112,"2017-08-25 18:53:06",0,next_button,click,
4486,112,"2017-08-25 18:53:18",0,back_button,rewind,
4489,112,"2017-08-25 19:00:10",0,cardView,toggle,
4490,112,"2017-08-25 19:00:15",0,cardView,toggle,
4492,112,"2017-08-25 19:08:21",0,next_button,click,
4493,112,"2017-08-25 19:08:26",0,next_button,click,
4581,220,"2017-08-25 21:14:47",0,play_pause_button,play,
4582,220,"2017-08-25 21:20:43",0,full_screen_button,fullscreen,
4583,220,"2017-08-25 21:20:46",0,play_pause_button,pause,
4584,220,"2017-08-25 21:20:48",0,play_pause_button,play,
4585,220,"2017-08-25 21:21:17",0,play_pause_button,play,
4586,220,"2017-08-25 21:21:43",0,select_recipe,mullet,
4587,220,"2017-08-25 21:21:43",0,select_recipe,deselect,
4588,220,"2017-08-25 21:21:49",0,select_recipe,mullet,
4589,220,"2017-08-25 21:22:01",0,experience_level,not_really,
4590,220,"2017-08-25 21:22:09",0,cook_reason,learn,
4591,220,"2017-08-25 21:22:13",0,cooking_for,1,
4592,220,"2017-08-25 21:23:06",0,not_quite_button,click,
4593,220,"2017-08-25 21:23:14",0,experience_level,not_really,
4594,220,"2017-08-25 21:23:18",0,cook_reason,learn,
4595,220,"2017-08-25 21:23:22",0,cooking_for,1,
4596,220,"2017-08-25 21:23:25",0,confirm_cook,click,
4597,220,"2017-08-25 21:24:38",0,cardView,toggle,
4598,220,"2017-08-25 21:24:46",0,next_button,click,
4599,220,"2017-08-25 21:24:59",0,cardView,toggle,
4600,220,"2017-08-25 21:25:10",0,cardView,toggle,
4601,220,"2017-08-25 21:25:11",0,next_button,click,
4602,220,"2017-08-25 21:25:15",0,next_button,click,
4603,220,"2017-08-25 21:26:10",0,next_button,click,
4604,220,"2017-08-25 21:26:31",0,back_button,rewind,
4605,220,"2017-08-25 21:26:33",0,back_button,rewind,
4606,220,"2017-08-25 21:26:35",0,back_button,rewind,
4607,220,"2017-08-25 21:26:36",0,back_button,rewind,
4608,220,"2017-08-25 21:26:40",0,next_button,click,
4609,220,"2017-08-25 21:26:43",0,back_button,rewind,
4610,220,"2017-08-25 21:26:44",0,back_button,rewind,
4611,220,"2017-08-25 21:26:51",0,back_button,rewind,
4612,220,"2017-08-25 21:26:53",0,back_button,rewind,
4613,220,"2017-08-25 21:26:54",0,back_button,rewind,
4614,220,"2017-08-25 21:26:54",0,back_button,rewind,
4615,220,"2017-08-25 21:26:54",0,back_button,rewind,
4616,220,"2017-08-25 21:26:54",0,back_button,rewind,
4617,220,"2017-08-25 21:27:00",0,next_button,click,
4618,220,"2017-08-25 21:27:12",0,next_button,click,
4619,220,"2017-08-25 21:27:28",0,next_button,click,
4620,220,"2017-08-25 21:27:41",0,next_button,click,
4621,220,"2017-08-25 21:27:46",0,back_button,rewind,
4622,220,"2017-08-25 21:27:46",0,back_button,rewind,
4623,220,"2017-08-25 21:27:47",0,back_button,rewind,
4624,220,"2017-08-25 21:27:47",0,back_button,rewind,
4625,220,"2017-08-25 21:27:49",0,back_button,rewind,
4626,220,"2017-08-25 21:27:52",0,back_button,rewind,
4627,220,"2017-08-25 21:27:53",0,back_button,rewind,
4628,220,"2017-08-25 21:27:53",0,back_button,rewind,
4629,220,"2017-08-25 21:27:53",0,back_button,rewind,
4630,220,"2017-08-25 21:27:54",0,back_button,rewind,
4631,220,"2017-08-25 21:27:54",0,back_button,rewind,
4632,220,"2017-08-25 21:27:54",0,back_button,rewind,
4633,220,"2017-08-25 21:27:54",0,back_button,rewind,
4634,220,"2017-08-25 21:27:55",0,back_button,rewind,
4635,220,"2017-08-25 21:27:55",0,back_button,rewind,
4636,220,"2017-08-25 21:27:55",0,back_button,rewind,
4637,220,"2017-08-25 21:27:55",0,back_button,rewind,
4638,220,"2017-08-25 21:27:55",0,back_button,rewind,
4639,220,"2017-08-25 21:27:56",0,back_button,rewind,
4640,220,"2017-08-25 21:28:03",0,cardView,toggle,
4641,220,"2017-08-25 21:28:09",0,back_button,rewind,
4642,220,"2017-08-25 21:28:11",0,back_button,rewind,
4643,220,"2017-08-25 21:28:11",0,back_button,rewind,
4644,220,"2017-08-25 21:28:12",0,back_button,rewind,
4645,220,"2017-08-25 21:28:19",0,cardView,toggle,
4646,220,"2017-08-25 21:28:21",0,next_button,click,
4647,220,"2017-08-25 21:28:30",0,next_button,click,
4648,220,"2017-08-25 21:28:40",0,next_button,click,
4649,220,"2017-08-25 21:29:00",0,next_button,click,
4650,220,"2017-08-25 21:29:21",0,next_button,click,
4651,220,"2017-08-25 21:29:24",0,back_button,rewind,
4652,220,"2017-08-25 21:29:25",0,back_button,rewind,
4653,220,"2017-08-25 21:29:30",0,back_button,rewind,
4654,220,"2017-08-25 21:29:32",0,next_button,click,
4655,220,"2017-08-25 21:29:33",0,next_button,click,
4656,220,"2017-08-25 21:29:35",0,next_button,click,
4657,220,"2017-08-25 21:29:36",0,next_button,click,
4658,220,"2017-08-25 21:29:46",0,next_button,click,
4659,220,"2017-08-25 21:29:50",0,next_button,click,
4660,220,"2017-08-25 21:29:55",0,next_button,click,
4661,220,"2017-08-25 21:30:06",0,next_button,click,
4662,220,"2017-08-25 21:30:14",0,next_button,click,
4663,220,"2017-08-25 21:30:17",0,next_button,click,
4664,220,"2017-08-25 21:30:21",0,back_button,rewind,
4665,220,"2017-08-25 21:30:22",0,back_button,rewind,
4666,220,"2017-08-25 21:30:23",0,back_button,rewind,
4667,220,"2017-08-25 21:30:35",0,back_button,rewind,
4668,220,"2017-08-25 21:30:39",0,back_button,rewind,
4669,220,"2017-08-25 21:30:40",0,back_button,rewind,
4670,220,"2017-08-25 21:30:41",0,back_button,rewind,
4671,220,"2017-08-25 21:30:43",0,back_button,rewind,
4672,220,"2017-08-25 21:30:45",0,back_button,rewind,
4673,220,"2017-08-25 21:30:52",0,next_button,click,
4674,220,"2017-08-25 21:30:57",0,back_button,rewind,
4675,220,"2017-08-25 21:30:58",0,back_button,rewind,
4676,220,"2017-08-25 21:30:59",0,back_button,rewind,
4677,220,"2017-08-25 21:31:02",0,back_button,rewind,
4678,220,"2017-08-25 21:31:18",0,next_button,click,
4679,220,"2017-08-25 21:31:20",0,next_button,click,
4680,220,"2017-08-25 21:31:21",0,next_button,click,
4681,220,"2017-08-25 21:31:22",0,next_button,click,
4682,220,"2017-08-25 21:31:29",0,next_button,click,
4683,220,"2017-08-25 21:31:38",0,cardView,toggle,
4684,220,"2017-08-25 21:31:44",0,next_button,click,
4685,220,"2017-08-25 21:31:47",0,back_button,rewind,
4686,220,"2017-08-25 21:31:49",0,cardView,toggle,
4687,220,"2017-08-25 21:31:53",0,back_button,rewind,
4688,220,"2017-08-25 21:31:54",0,back_button,rewind,
4689,220,"2017-08-25 21:31:54",0,back_button,rewind,
4690,220,"2017-08-25 21:31:54",0,back_button,rewind,
4691,220,"2017-08-25 21:31:54",0,back_button,rewind,
4692,220,"2017-08-25 21:31:55",0,back_button,rewind,
4693,220,"2017-08-25 21:31:55",0,back_button,rewind,
4694,220,"2017-08-25 21:31:59",0,next_button,click,
4695,220,"2017-08-25 21:32:02",0,next_button,click,
4696,220,"2017-08-25 21:32:03",0,next_button,click,
4697,220,"2017-08-25 21:32:04",0,next_button,click,
4698,220,"2017-08-25 21:32:05",0,next_button,click,
4699,220,"2017-08-25 21:32:07",0,next_button,click,
4700,220,"2017-08-25 21:32:08",0,next_button,click,
4701,220,"2017-08-25 21:32:10",0,next_button,click,
4702,220,"2017-08-25 21:32:20",0,back_button,rewind,
4703,220,"2017-08-25 21:32:27",0,back_button,rewind,
4704,220,"2017-08-25 21:32:30",0,back_button,rewind,
4705,220,"2017-08-25 21:32:40",0,back_button,rewind,
4706,220,"2017-08-25 21:32:41",0,back_button,rewind,
4707,220,"2017-08-25 21:32:42",0,back_button,rewind,
4708,220,"2017-08-25 21:32:44",0,back_button,rewind,
4709,220,"2017-08-25 21:32:46",0,back_button,rewind,
4710,220,"2017-08-25 21:32:48",0,back_button,rewind,
4711,220,"2017-08-25 21:32:50",0,next_button,click,
4712,220,"2017-08-25 21:32:54",0,back_button,rewind,
4713,220,"2017-08-25 21:32:55",0,back_button,rewind,
4714,220,"2017-08-25 21:32:55",0,back_button,rewind,
4715,220,"2017-08-25 21:32:57",0,back_button,rewind,
4716,220,"2017-08-25 21:32:57",0,back_button,rewind,
4717,220,"2017-08-25 21:32:57",0,back_button,rewind,
4718,220,"2017-08-25 21:32:57",0,back_button,rewind,
4719,220,"2017-08-25 21:32:58",0,back_button,rewind,
4720,220,"2017-08-25 21:32:58",0,back_button,rewind,
4721,220,"2017-08-25 21:32:58",0,back_button,rewind,
4722,220,"2017-08-25 21:32:58",0,back_button,rewind,
4723,220,"2017-08-25 21:33:00",0,back_button,rewind,
4724,220,"2017-08-25 21:33:01",0,back_button,rewind,
4725,220,"2017-08-25 21:33:01",0,back_button,rewind,
4726,220,"2017-08-25 21:33:02",0,back_button,rewind,
4727,220,"2017-08-25 21:33:02",0,back_button,rewind,
4728,220,"2017-08-25 21:33:02",0,back_button,rewind,
4729,220,"2017-08-25 21:33:03",0,back_button,rewind,
4730,220,"2017-08-25 21:33:04",0,next_button,click,
4731,220,"2017-08-25 21:33:04",0,next_button,click,
4732,220,"2017-08-25 21:33:06",0,next_button,click,
4733,220,"2017-08-25 21:33:09",0,next_button,click,
4734,220,"2017-08-25 21:33:14",0,next_button,click,
4735,220,"2017-08-25 21:33:22",0,next_button,click,
4736,220,"2017-08-25 21:33:54",0,next_button,click,
4737,220,"2017-08-25 21:34:29",0,back_button,rewind,
4738,220,"2017-08-25 21:34:37",0,next_button,click,
4739,220,"2017-08-25 21:34:40",0,cardView,toggle,
4740,220,"2017-08-25 21:34:42",0,cardView,toggle,
4741,220,"2017-08-25 21:34:44",0,next_button,click,
4742,220,"2017-08-25 21:35:20",0,next_button,click,
4743,220,"2017-08-25 21:35:30",0,next_button,click,
4744,220,"2017-08-25 21:36:40",0,back_button,rewind,
4745,220,"2017-08-25 21:36:42",0,next_button,click,
4746,220,"2017-08-25 21:47:29",0,next_button,click,
4747,220,"2017-08-25 21:47:30",0,next_button,click,
4748,220,"2017-08-25 21:47:32",0,next_button,click,
4749,220,"2017-08-25 21:47:33",0,next_button,click,
4750,220,"2017-08-25 21:47:35",0,next_button,click,
4751,220,"2017-08-25 21:47:36",0,next_button,click,
4752,220,"2017-08-25 21:47:38",0,next_button,click,
4753,220,"2017-08-25 21:47:41",0,next_button,click,
4754,220,"2017-08-25 21:47:46",0,next_button,click,
4755,220,"2017-08-25 21:48:10",0,full_screen_button,fullscreen,
4756,220,"2017-08-25 21:48:12",0,full_screen_button,collapsed,
4808,217,"2017-08-27 18:37:20",0,full_screen_button,fullscreen,
4809,217,"2017-08-27 18:37:22",0,play_pause_button,play,
4810,217,"2017-08-27 18:37:55",0,play_pause_button,pause,
4811,217,"2017-08-27 18:37:59",0,full_screen_button,collapsed,
4812,217,"2017-08-27 18:38:07",0,play_pause_button,play,
4813,217,"2017-08-27 18:38:41",0,full_screen_button,fullscreen,
4814,217,"2017-08-27 18:38:43",0,play_pause_button,play,
4815,217,"2017-08-27 18:39:05",0,play_pause_button,pause,
4816,217,"2017-08-27 18:39:08",0,full_screen_button,collapsed,
4817,217,"2017-08-27 18:42:39",0,full_screen_button,fullscreen,
4818,217,"2017-08-27 18:42:43",0,play_pause_button,play,
4819,217,"2017-08-27 18:43:18",0,select_recipe,mullet,
4820,217,"2017-08-27 18:43:25",0,experience_level,not_really,
4821,217,"2017-08-27 18:43:32",0,cook_reason,learn,
4822,217,"2017-08-27 18:43:36",0,cooking_for,2,
4823,217,"2017-08-27 18:43:58",0,not_quite_button,click,
4824,217,"2017-08-27 18:44:05",0,experience_level,not_really,
4825,217,"2017-08-27 18:44:07",0,cook_reason,learn,
4826,217,"2017-08-27 18:44:13",0,cooking_for,2,
4827,217,"2017-08-27 18:44:35",0,confirm_cook,click,
4828,217,"2017-08-27 18:45:05",0,cardView,toggle,
4829,217,"2017-08-27 18:45:08",0,next_button,click,
4830,217,"2017-08-27 18:45:22",0,next_button,click,
4831,217,"2017-08-27 18:45:23",0,next_button,click,
4832,217,"2017-08-27 18:46:03",0,back_button,rewind,
4833,217,"2017-08-27 18:47:14",0,next_button,click,
4834,217,"2017-08-27 18:47:25",0,next_button,click,
4835,217,"2017-08-27 18:48:54",0,back_button,rewind,
4836,217,"2017-08-27 18:50:49",0,next_button,click,
4837,217,"2017-08-27 18:53:38",0,next_button,click,
4838,217,"2017-08-27 18:54:28",0,next_button,click,
4839,217,"2017-08-27 18:54:39",0,next_button,click,
4840,217,"2017-08-27 18:54:39",0,next_button,click,
4841,217,"2017-08-27 18:55:50",0,next_button,click,
4842,217,"2017-08-27 18:55:52",0,next_button,click,
4843,217,"2017-08-27 18:56:02",0,next_button,click,
4844,217,"2017-08-27 18:56:13",0,next_button,click,
4845,217,"2017-08-27 18:56:14",0,next_button,click,
4846,217,"2017-08-27 18:56:15",0,next_button,click,
4847,217,"2017-08-27 18:56:26",0,back_button,rewind,
4848,217,"2017-08-27 18:56:26",0,back_button,rewind,
4849,217,"2017-08-27 18:56:27",0,back_button,rewind,
4850,217,"2017-08-27 18:56:27",0,back_button,rewind,
4851,217,"2017-08-27 18:56:27",0,back_button,rewind,
4852,217,"2017-08-27 18:56:29",0,back_button,rewind,
4853,217,"2017-08-27 18:56:30",0,back_button,rewind,
4854,217,"2017-08-27 18:56:31",0,next_button,click,
4855,217,"2017-08-27 18:56:41",0,next_button,click,
4856,217,"2017-08-27 18:56:41",0,next_button,click,
4857,217,"2017-08-27 18:56:43",0,next_button,click,
4858,217,"2017-08-27 18:56:52",0,next_button,click,
4859,217,"2017-08-27 18:56:52",0,next_button,click,
4860,217,"2017-08-27 18:57:02",0,next_button,click,
4861,217,"2017-08-27 18:57:06",0,back_button,rewind,
4862,217,"2017-08-27 18:57:07",0,back_button,rewind,
4863,217,"2017-08-27 18:57:10",0,cardView,toggle,
4864,217,"2017-08-27 18:57:19",0,back_button,rewind,
4865,217,"2017-08-27 18:57:20",0,back_button,rewind,
4866,217,"2017-08-27 18:57:20",0,cardView,toggle,
4867,217,"2017-08-27 18:57:20",0,back_button,rewind,
4868,217,"2017-08-27 19:00:51",0,back_button,rewind,
4869,217,"2017-08-27 19:00:52",0,next_button,click,
4870,217,"2017-08-27 19:00:56",0,next_button,click,
4871,217,"2017-08-27 19:01:07",0,next_button,click,
4872,217,"2017-08-27 19:03:11",0,next_button,click,
4873,217,"2017-08-27 19:06:10",0,next_button,click,
4874,217,"2017-08-27 19:06:37",0,next_button,click,
4875,217,"2017-08-27 19:09:48",0,next_button,click,
4876,217,"2017-08-27 19:09:59",0,next_button,click,
4877,217,"2017-08-27 19:10:02",0,next_button,click,
4878,217,"2017-08-27 19:10:02",0,next_button,click,
4879,217,"2017-08-27 19:13:17",0,next_button,click,
4880,217,"2017-08-27 19:14:05",0,full_screen_button,fullscreen,
4881,217,"2017-08-27 19:14:07",0,full_screen_button,collapsed,
5246,113,"2017-08-30 07:44:50",0,play_pause_button,play,
5247,113,"2017-08-30 07:46:08",0,play_pause_button,pause,
5248,113,"2017-08-30 07:46:11",0,play_pause_button,play,
5249,113,"2017-08-30 07:46:16",0,select_recipe,choc_pots,
5250,113,"2017-08-30 07:46:25",0,experience_level,not_really,
5251,113,"2017-08-30 07:46:30",0,cook_reason,dinner,
5252,113,"2017-08-30 07:46:33",0,cooking_for,2,
5253,113,"2017-08-30 07:46:46",0,confirm_cook,click,
5254,113,"2017-08-30 07:46:57",0,next_button,click,
5255,113,"2017-08-30 07:46:59",0,next_button,click,
5256,113,"2017-08-30 07:47:33",0,cardView,toggle,
5257,113,"2017-08-30 07:47:51",0,cardView,toggle,
5258,113,"2017-08-30 07:47:54",0,cardView,toggle,
5259,113,"2017-08-30 07:50:23",0,next_button,click,
5260,113,"2017-08-30 07:50:47",0,next_button,click,
5261,113,"2017-08-30 07:51:13",0,back_button,rewind,
5262,113,"2017-08-30 07:51:14",0,back_button,rewind,
5263,113,"2017-08-30 07:51:14",0,back_button,rewind,
5264,113,"2017-08-30 07:51:15",0,back_button,rewind,
5265,113,"2017-08-30 07:51:16",0,back_button,rewind,
5266,113,"2017-08-30 07:51:17",0,back_button,rewind,
5267,113,"2017-08-30 07:51:19",0,next_button,click,
5268,113,"2017-08-30 07:51:24",0,next_button,click,
5269,113,"2017-08-30 07:51:25",0,next_button,click,
5270,113,"2017-08-30 07:51:26",0,next_button,click,
5271,113,"2017-08-30 07:51:27",0,next_button,click,
5272,113,"2017-08-30 07:51:32",0,cardView,toggle,
5273,113,"2017-08-30 07:51:40",0,cardView,toggle,
5274,113,"2017-08-30 07:52:23",0,next_button,click,
5275,113,"2017-08-30 07:52:34",0,back_button,rewind,
5276,113,"2017-08-30 07:52:43",0,next_button,click,
5277,113,"2017-08-30 07:53:01",0,next_button,click,
5278,113,"2017-08-30 07:53:54",0,next_button,click,
5279,113,"2017-08-30 07:57:56",0,next_button,click,
5280,113,"2017-08-30 08:03:44",0,next_button,click,
5281,113,"2017-08-30 08:03:53",0,next_button,click,
5282,113,"2017-08-30 08:03:59",0,next_button,click,
5283,113,"2017-08-30 08:04:02",0,next_button,click,
5284,113,"2017-08-30 08:04:12",0,next_button,click,
5285,113,"2017-08-30 08:04:14",0,next_button,click,
5286,113,"2017-08-30 08:04:17",0,next_button,click,
5315,401,"2017-09-02 10:44:32",2147483647,v1,play,"0 fullscreen=false"
